{
    "0": {
        "precision": 0.8526011560693642,
        "recall": 0.855072463768116,
        "f1-score": 0.85383502170767,
        "support": 1035
    },
    "1": {
        "precision": 0.5956873315363881,
        "recall": 0.5909090909090909,
        "f1-score": 0.5932885906040268,
        "support": 374
    },
    "accuracy": 0.7849538679914834,
    "macro avg": {
        "precision": 0.7241442438028761,
        "recall": 0.7229907773386035,
        "f1-score": 0.7235618061558484,
        "support": 1409
    },
    "weighted avg": {
        "precision": 0.7844068548803415,
        "recall": 0.7849538679914834,
        "f1-score": 0.7846764942181296,
        "support": 1409
    }
}